Date,Name,Year,Letterboxd URI
2024-09-20,Deadpool & Wolverine,2024,https://boxd.it/jq8s
2024-09-20,Interstellar,2014,https://boxd.it/4VZ8
2024-09-20,Poor Things,2023,https://boxd.it/tNWU
2024-09-20,Hellraiser,1987,https://boxd.it/1Zpi
2024-09-20,Hellraiser III: Hell on Earth,1992,https://boxd.it/1TwW
2024-09-20,Hellraiser: Bloodline,1996,https://boxd.it/1ZSk
2024-09-20,Hellraiser: Inferno,2000,https://boxd.it/1RCe
2024-09-20,Hellraiser: Hellworld,2005,https://boxd.it/1Rom
2024-09-20,Hellraiser: Hellseeker,2002,https://boxd.it/1Uh4
2024-09-20,Hellraiser: Deader,2005,https://boxd.it/1IEA
2024-09-20,Hellraiser: Revelations,2011,https://boxd.it/2ta8
2024-09-20,Hellbound: Hellraiser II,1988,https://boxd.it/1ZfW
2024-09-20,The Village,2004,https://boxd.it/21iS
2024-09-21,Five Nights at Freddy's,2023,https://boxd.it/ikHu
2024-09-21,Dune,2021,https://boxd.it/fA7G
2024-09-21,The Queen's Gambit,2020,https://boxd.it/s1Ym
2024-09-21,Parasite,2019,https://boxd.it/hTha
2024-09-21,A Monster Calls,2016,https://boxd.it/7DjE
2024-09-21,Nerve,2016,https://boxd.it/aJIc
2024-09-21,Train to Busan,2016,https://boxd.it/dSQU
2024-09-21,Over the Garden Wall,2014,https://boxd.it/eqFw
2024-09-21,The Conjuring,2013,https://boxd.it/4sr2
2024-09-21,Detachment,2011,https://boxd.it/2BiY
2024-09-21,Inception,2010,https://boxd.it/1skk
2024-09-21,Shutter Island,2010,https://boxd.it/1U82
2024-09-21,The Butterfly Effect,2004,https://boxd.it/27M0
2024-09-21,The Truman Show,1998,https://boxd.it/18U8
2024-09-21,13 Sins,2014,https://boxd.it/4Ste
2024-09-21,Would You Rather,2012,https://boxd.it/3m0W
2024-09-21,Circle,2015,https://boxd.it/b5So
2024-09-21,Exam,2009,https://boxd.it/1mn8
2024-09-21,The Platform,2019,https://boxd.it/mUm6
2024-09-21,Time Lapse,2014,https://boxd.it/8hCQ
2024-09-21,Project Almanac,2015,https://boxd.it/6IP4
2024-09-21,The Maze Runner,2014,https://boxd.it/5YPM
2024-09-21,Maze Runner: The Scorch Trials,2015,https://boxd.it/9hwA
2024-09-21,Source Code,2011,https://boxd.it/fdo
2024-09-21,Limitless,2011,https://boxd.it/Aly
2024-09-21,The Curious Case of Benjamin Button,2008,https://boxd.it/23Fk
2024-09-21,Cube,1997,https://boxd.it/2aoU
2024-09-21,Cube 2: Hypercube,2002,https://boxd.it/2anW
2024-09-21,Cube Zero,2004,https://boxd.it/2anM
2024-09-21,Carrie,2013,https://boxd.it/4kC2
2024-09-21,A Nightmare on Elm Street,1984,https://boxd.it/2aw0
2024-09-21,Freddy vs. Jason,2003,https://boxd.it/21FC
2024-09-21,Friday the 13th,1980,https://boxd.it/24fs
2024-09-21,Final Destination,2000,https://boxd.it/1YrC
2024-09-21,Final Destination 2,2003,https://boxd.it/1YSS
2024-09-21,Final Destination 3,2006,https://boxd.it/1Z40
2024-09-21,The Final Destination,2009,https://boxd.it/1EmW
2024-09-21,Final Destination 5,2011,https://boxd.it/r1k
2024-09-21,Scary Movie,2000,https://boxd.it/24CG
2024-09-21,Scary Movie 2,2001,https://boxd.it/24Cw
2024-09-21,Scary Movie 3,2003,https://boxd.it/24Be
2024-09-21,Scary Movie 4,2006,https://boxd.it/24B4
2024-09-21,Scary Movie 5,2013,https://boxd.it/24AU
2024-09-21,Kick-Ass,2010,https://boxd.it/1zaQ
2024-09-21,Kick-Ass 2,2013,https://boxd.it/hqu
2024-09-21,Zombieland,2009,https://boxd.it/1En6
2024-09-21,Piranha 3D,2010,https://boxd.it/U5q
2024-09-21,Piranha 3DD,2012,https://boxd.it/2qow
2024-09-21,Constantine,2005,https://boxd.it/2a7E
2024-09-21,The Matrix,1999,https://boxd.it/2a1m
2024-09-21,The Matrix Reloaded,2003,https://boxd.it/2a1c
2024-09-21,The Matrix Revolutions,2003,https://boxd.it/2a12
2024-09-21,The Lord of the Rings: The Fellowship of the Ring,2001,https://boxd.it/2b5O
2024-09-21,The Lord of the Rings: The Return of the King,2003,https://boxd.it/2b5u
2024-09-21,The Lord of the Rings: The Two Towers,2002,https://boxd.it/2b5E
2024-09-21,The Hobbit: An Unexpected Journey,2012,https://boxd.it/GZk
2024-09-21,The Hobbit: The Desolation of Smaug,2013,https://boxd.it/nmS
2024-09-21,The Hobbit: The Battle of the Five Armies,2014,https://boxd.it/43aU
2024-09-21,Forrest Gump,1994,https://boxd.it/728
2024-09-21,The Breakfast Club,1985,https://boxd.it/27q4
2024-09-21,Pirates of the Caribbean: The Curse of the Black Pearl,2003,https://boxd.it/70G
2024-09-21,Pirates of the Caribbean: Dead Man's Chest,2006,https://boxd.it/2bfk
2024-09-21,Pirates of the Caribbean: At World's End,2007,https://boxd.it/2aGu
2024-09-21,Pirates of the Caribbean: On Stranger Tides,2011,https://boxd.it/27Z4
2024-09-21,Pirates of the Caribbean: Dead Men Tell No Tales,2017,https://boxd.it/5a9m
2024-09-21,Spider-Man,2002,https://boxd.it/2a8i
2024-09-21,Spider-Man 2,2004,https://boxd.it/2a88
2024-09-21,Spider-Man 3,2007,https://boxd.it/2a7Y
2024-09-21,The Amazing Spider-Man,2012,https://boxd.it/27PI
2024-09-21,The Amazing Spider-Man 2,2014,https://boxd.it/3utM
2024-09-21,The Wolverine,2013,https://boxd.it/2CWU
2024-09-21,X-Men Origins: Wolverine,2009,https://boxd.it/27ug
2024-09-21,Logan,2017,https://boxd.it/7Piy
2024-09-21,Deadpool,2016,https://boxd.it/9fOC
2024-09-21,Deadpool 2,2018,https://boxd.it/dlLM
2024-09-21,Guardians of the Galaxy,2014,https://boxd.it/3VH2
2024-09-21,Guardians of the Galaxy Vol. 2,2017,https://boxd.it/8MxC
2024-09-21,Guardians of the Galaxy Vol. 3,2023,https://boxd.it/fVNI
2024-09-21,Ant-Man,2015,https://boxd.it/3vmW
2024-09-21,Captain America: The First Avenger,2011,https://boxd.it/28b0
2024-09-21,The Avengers,2012,https://boxd.it/1xFW
2024-09-21,Avengers: Age of Ultron,2015,https://boxd.it/3qi6
2024-09-21,Avengers: Endgame,2019,https://boxd.it/9vE4
2024-09-21,Avengers: Infinity War,2018,https://boxd.it/9vEe
2024-09-21,Spider-Man: Homecoming,2017,https://boxd.it/aboM
2024-09-21,Spider-Man: Far From Home,2019,https://boxd.it/fegG
2024-09-21,Spider-Man: No Way Home,2021,https://boxd.it/nwRw
2024-09-21,Kingsman: The Secret Service,2014,https://boxd.it/6dxe
2024-09-21,The Hunger Games,2012,https://boxd.it/2uds
2024-09-21,The Hunger Games: Catching Fire,2013,https://boxd.it/3sAw
2024-09-21,The Hunger Games: Mockingjay – Part 1,2014,https://boxd.it/4hka
2024-09-21,The Hunger Games: Mockingjay – Part 2,2015,https://boxd.it/4hk0
2024-09-21,Avatar,2009,https://boxd.it/1Efm
2024-09-21,Gravity,2013,https://boxd.it/GZY
2024-09-21,Wrong Turn,2003,https://boxd.it/1Xzq
2024-09-21,Wrong Turn 2: Dead End,2007,https://boxd.it/1QDA
2024-09-21,Wrong Turn 3: Left for Dead,2009,https://boxd.it/1yJ6
2024-09-21,Hostel,2005,https://boxd.it/28ig
2024-09-21,Silent Hill,2006,https://boxd.it/2a3C
2024-09-21,Silent Hill: Revelation 3D,2012,https://boxd.it/eH8
2024-09-21,The Cabin in the Woods,2011,https://boxd.it/1zOc
2024-09-21,Sinister,2012,https://boxd.it/2TnW
2024-09-21,Insidious,2010,https://boxd.it/H4k
2024-09-21,Insidious: Chapter 2,2013,https://boxd.it/3dqc
2024-09-21,Evil Dead,2013,https://boxd.it/3GPq
2024-09-21,It Follows,2014,https://boxd.it/87wo
2024-09-21,Back to the Future,1985,https://boxd.it/2b8e
2024-09-21,Back to the Future Part II,1989,https://boxd.it/2aYI
2024-09-21,Back to the Future Part III,1990,https://boxd.it/2aTS
2024-09-21,The Terminator,1984,https://boxd.it/2aQY
2024-09-21,Terminator 2: Judgment Day,1991,https://boxd.it/2aGY
2024-09-21,Terminator Genisys,2015,https://boxd.it/35s0
2024-09-21,The Incredible Hulk,2008,https://boxd.it/28dU
2024-09-21,Hulk,2003,https://boxd.it/27PS
2024-09-21,Iron Man,2008,https://boxd.it/28dA
2024-09-21,Iron Man 2,2010,https://boxd.it/1WZM
2024-09-21,Iron Man 3,2013,https://boxd.it/2cBQ
2024-09-21,Green Lantern,2011,https://boxd.it/QN4
2024-09-21,The Dark Knight,2008,https://boxd.it/2b0k
2024-09-21,Batman Begins,2005,https://boxd.it/2aIg
2024-09-21,The Dark Knight Rises,2012,https://boxd.it/H3m
2024-09-21,Ghost Rider,2007,https://boxd.it/290M
2024-09-21,Ghost Rider: Spirit of Vengeance,2011,https://boxd.it/2qne
2024-09-21,Venom,2018,https://boxd.it/b8wA
2024-09-21,Venom: Let There Be Carnage,2021,https://boxd.it/llco
2024-09-21,Doctor Strange,2016,https://boxd.it/8MH8
2024-09-21,The Marvels,2023,https://boxd.it/mwU4
2024-09-21,The Prestige,2006,https://boxd.it/293w
2024-09-21,Now You See Me,2013,https://boxd.it/2Bsu
2024-09-21,Déjà Vu,2006,https://boxd.it/20PQ
2024-09-21,Tenet,2020,https://boxd.it/leq4
2024-09-21,Looper,2012,https://boxd.it/ham
2024-09-21,Upgrade,2018,https://boxd.it/i4gW
2024-09-21,Black Mirror: Bandersnatch,2018,https://boxd.it/kTDG
2024-09-21,Idiocracy,2006,https://boxd.it/20RW
2024-09-21,How High,2001,https://boxd.it/20fo
2024-09-21,Ted,2012,https://boxd.it/2pgc
2024-09-21,Mr. Nobody,2009,https://boxd.it/1k44
2024-09-21,Primer,2004,https://boxd.it/6YA
2024-09-21,Predestination,2014,https://boxd.it/6bJM
2024-09-21,Memento,2000,https://boxd.it/2bcK
2024-09-21,Se7en,1995,https://boxd.it/29zs
2024-09-21,Sky Hook,2000,https://boxd.it/3IhA
2024-09-21,Wheels,1998,https://boxd.it/1zuc
2024-09-21,The Wounds,1998,https://boxd.it/CjO
2024-09-21,Skinning,2010,https://boxd.it/njk
2024-09-21,Strawberry in the Supermarket,2003,https://boxd.it/1U0i
2024-09-21,Ex Machina,2015,https://boxd.it/7T2k
2024-09-21,Yes Man,2008,https://boxd.it/1WPW
2024-09-21,Bruce Almighty,2003,https://boxd.it/2aCC
2024-09-21,Tenacious D in The Pick of Destiny,2006,https://boxd.it/27go
2024-09-21,The Mask,1994,https://boxd.it/29rS
2024-09-21,Son of the Mask,2005,https://boxd.it/1WNQ
2024-09-21,Fight Club,1999,https://boxd.it/2a9q
2024-09-21,Joker,2019,https://boxd.it/h4cS
2024-09-21,The Butterfly Effect 2,2006,https://boxd.it/1NIM
2024-09-21,The Butterfly Effect 3: Revelations,2009,https://boxd.it/1KtY
2024-09-21,Saw,2004,https://boxd.it/2aWW
2024-09-21,The Collector,2009,https://boxd.it/1BY4
2024-09-21,The Collection,2012,https://boxd.it/4lKm
2024-09-21,Don't Breathe,2016,https://boxd.it/9yzw
2024-09-21,The Invisible Man,2020,https://boxd.it/kWlA
2024-09-21,Oculus,2013,https://boxd.it/4W9M
2024-09-21,As the Gods Will,2014,https://boxd.it/76T0
2024-09-21,Battle Royale,2000,https://boxd.it/25zS
2024-09-21,GANTZ:O,2016,https://boxd.it/dRTI
2024-09-21,Doom,2005,https://boxd.it/1ZOW
2024-09-21,Annihilation,2018,https://boxd.it/9yzm
2024-09-21,Arrival,2016,https://boxd.it/aNGk
2024-09-21,Edge of Tomorrow,2014,https://boxd.it/4pD0
2024-09-21,Alien,1979,https://boxd.it/2awY
2024-09-21,Aliens,1986,https://boxd.it/29PA
2024-09-21,Alien³,1992,https://boxd.it/20zS
2024-09-21,Alien Resurrection,1997,https://boxd.it/20zI
2024-09-21,The Martian,2015,https://boxd.it/8SeG
2024-09-21,Snowpiercer,2013,https://boxd.it/3Icg
2024-09-21,What Happened to Monday,2017,https://boxd.it/ejUu
2024-09-21,Children of Men,2006,https://boxd.it/1Y2i
2024-09-21,The Purge,2013,https://boxd.it/4Xg0
2024-09-21,The Purge: Anarchy,2014,https://boxd.it/71zk
2024-09-21,The Purge: Election Year,2016,https://boxd.it/ae5I
2024-09-21,RoboCop,1987,https://boxd.it/22Wu
2024-09-21,I Am Legend,2007,https://boxd.it/21DG
2024-09-21,The Blair Witch Project,1999,https://boxd.it/26ua
2024-09-21,All Dogs Go to Heaven,1989,https://boxd.it/1TIo
2024-09-21,The Lion King,1994,https://boxd.it/201Q
2024-09-21,Snow White and the Seven Dwarfs,1937,https://boxd.it/2arO
2024-09-21,Frozen,2013,https://boxd.it/3GNa
2024-09-21,Aladdin,1992,https://boxd.it/29yE
2024-09-21,Shrek,2001,https://boxd.it/29zi
2024-09-21,Shrek 2,2004,https://boxd.it/29z8
2024-09-21,Shrek the Third,2007,https://boxd.it/29yY
2024-09-21,Shrek Forever After,2010,https://boxd.it/1WRo
2024-09-21,The SpongeBob SquarePants Movie,2004,https://boxd.it/1SYq
2024-09-21,Ice Age,2002,https://boxd.it/2apS
2024-09-21,Ice Age: The Meltdown,2006,https://boxd.it/2wRk
2024-09-21,Ice Age: Dawn of the Dinosaurs,2009,https://boxd.it/20iC
2024-09-21,"Monsters, Inc.",2001,https://boxd.it/2a46
2024-09-21,Finding Nemo,2003,https://boxd.it/72i
2024-09-21,Horton Hears a Who!,2008,https://boxd.it/1SfA
2024-09-21,Madagascar,2005,https://boxd.it/29dc
2024-09-21,Monsters University,2013,https://boxd.it/bQm
2024-09-21,Help! I'm a Fish,2000,https://boxd.it/1RAs
2024-09-21,Tarzan,1999,https://boxd.it/18YO
2024-09-21,Hercules,1997,https://boxd.it/1SDW
2024-09-21,Dune: Part Two,2024,https://boxd.it/pUfA
2024-09-21,The Dictator,2012,https://boxd.it/2DEW
2024-09-21,Oldboy,2003,https://boxd.it/29R2
2024-09-21,American Pie,1999,https://boxd.it/27qy
2024-09-21,The Lobster,2015,https://boxd.it/7tnw
2024-09-21,The Menu,2022,https://boxd.it/lScm
2024-09-21,Borat Subsequent Moviefilm,2020,https://boxd.it/rNS0
2024-09-21,It Chapter Two,2019,https://boxd.it/h10u
2024-09-21,It,2017,https://boxd.it/bC8e
2024-09-21,A Serbian Film,2010,https://boxd.it/2wBc
2024-09-21,Jet Set,2007,https://boxd.it/65Tw
2024-09-21,"When I Grow Up, I'll Be a Kangaroo",2004,https://boxd.it/syY
2024-09-21,Spirited Away,2001,https://boxd.it/2b4m
2024-09-21,American Psycho,2000,https://boxd.it/28Vs
2024-09-21,Dudes!,2001,https://boxd.it/1xCI
2024-09-21,Dudes Again!,2023,https://boxd.it/Bj5i
2024-09-21,Everything Everywhere All at Once,2022,https://boxd.it/jUk4
2024-09-21,Frozen Stiff,2002,https://boxd.it/1Mtc
2024-09-22,DAHMER - Monster: The Jeffrey Dahmer Story,2022,https://boxd.it/CRG0
2024-09-22,Squid Game,2021,https://boxd.it/x1OG
2024-09-22,El Camino: A Breaking Bad Movie,2019,https://boxd.it/kv0q
2024-09-22,Chernobyl,2019,https://boxd.it/mkbG
2024-09-22,"Love, Death & Robots: Zima Blue",2019,https://boxd.it/lJGM
2024-09-22,"Love, Death & Robots: The Witness",2019,https://boxd.it/lFO8
2024-09-22,"Love, Death & Robots: Three Robots",2019,https://boxd.it/lECK
2024-09-22,"Love, Death & Robots: Sonnie's Edge",2019,https://boxd.it/lECg
2024-09-22,"Love, Death & Robots: When the Yogurt Took Over",2019,https://boxd.it/lFSY
2024-09-22,"Love, Death & Robots: Beyond the Aquila Rift",2019,https://boxd.it/lGTe
2024-09-22,"Love, Death & Robots: Good Hunting",2019,https://boxd.it/lJFO
2024-09-22,"Love, Death & Robots: The Secret War",2019,https://boxd.it/lN0g
2024-09-22,"Love, Death & Robots: Ice Age",2019,https://boxd.it/lJG8
2024-09-22,"Love, Death & Robots: Suits",2019,https://boxd.it/lFOM
2024-09-22,"Love, Death & Robots: Alternate Histories",2019,https://boxd.it/lJHg
2024-09-22,"Love, Death & Robots: Fish Night",2019,https://boxd.it/lJGs
2024-09-22,"Love, Death & Robots: Sucker of Souls",2019,https://boxd.it/lFOW
2024-09-22,"Love, Death & Robots: Shape-Shifters",2019,https://boxd.it/lJFY
2024-09-22,"Love, Death & Robots: Helping Hand",2019,https://boxd.it/lJGW
2024-09-22,"Love, Death & Robots: The Dump",2019,https://boxd.it/lJGi
2024-09-22,"Love, Death & Robots: Lucky 13",2019,https://boxd.it/lJGC
2024-09-22,"Love, Death & Robots: Blindspot",2019,https://boxd.it/lJH6
2024-09-22,"Love, Death & Robots: Pop Squad",2021,https://boxd.it/vhLE
2024-09-22,"Love, Death & Robots: The Drowned Giant",2021,https://boxd.it/vdRo
2024-09-22,"Love, Death & Robots: Ice",2021,https://boxd.it/vhLu
2024-09-22,"Love, Death & Robots: Automated Customer Service",2021,https://boxd.it/vhLk
2024-09-22,"Love, Death & Robots: All Through the House",2021,https://boxd.it/vhXA
2024-09-22,"Love, Death & Robots: The Tall Grass",2021,https://boxd.it/vdQU
2024-09-22,"Love, Death & Robots: Snow in the Desert",2021,https://boxd.it/vhLO
2024-09-22,"Love, Death & Robots: Life Hutch",2021,https://boxd.it/vdRe
2024-09-22,"Love, Death & Robots: Bad Travelling",2022,https://boxd.it/BykM
2024-09-22,"Love, Death & Robots: Jibaro",2022,https://boxd.it/EqO6
2024-09-22,"Love, Death & Robots: Night of the Mini Dead",2022,https://boxd.it/AW6s
2024-09-22,"Love, Death & Robots: The Very Pulse of the Machine",2022,https://boxd.it/AW5O
2024-09-22,"Love, Death & Robots: Mason's Rats",2022,https://boxd.it/AW76
2024-09-22,"Love, Death & Robots: Kill Team Kill",2022,https://boxd.it/AW6M
2024-09-22,"Love, Death & Robots: In Vaulted Halls Entombed",2022,https://boxd.it/AW7A
2024-09-22,"Love, Death & Robots: Swarm",2022,https://boxd.it/AW84
2024-09-22,"Love, Death & Robots: Three Robots: Exit Strategies",2022,https://boxd.it/AVpy
2024-09-22,ERASED,2016,https://boxd.it/px1A
2024-09-22,Prison School,2015,https://boxd.it/py4A
2024-09-22,I Origins,2014,https://boxd.it/7aRM
2024-09-22,Black Mirror: Be Right Back,2013,https://boxd.it/hRpw
2024-09-22,The Future Diary,2011,https://boxd.it/qIFS
2024-09-22,Steins;Gate,2011,https://boxd.it/psNE
2024-09-22,Steins;Gate 0,2018,https://boxd.it/px40
2024-09-22,Indiana Jones and the Kingdom of the Crystal Skull,2008,https://boxd.it/2aR8
2024-09-22,Raiders of the Lost Ark,1981,https://boxd.it/2bbs
2024-09-22,Indiana Jones and the Last Crusade,1989,https://boxd.it/2baO
2024-09-22,Indiana Jones and the Temple of Doom,1984,https://boxd.it/2bb8
2024-09-22,Indiana Jones and the Dial of Destiny,2023,https://boxd.it/b8vM
2024-09-22,Sweeney Todd: The Demon Barber of Fleet Street,2007,https://boxd.it/1PcS
2024-09-22,Death Note,2006,https://boxd.it/psEs
2024-09-22,Pan's Labyrinth,2006,https://boxd.it/28No
2024-09-22,Borat: Cultural Learnings of America for Make Benefit Glorious Nation of Kazakhstan,2006,https://boxd.it/2agQ
2024-09-22,The Terminal,2004,https://boxd.it/2a2O
2024-09-22,School of Rock,2003,https://boxd.it/28xK
2024-09-22,Phone Booth,2002,https://boxd.it/285G
2024-09-22,The Road to El Dorado,2000,https://boxd.it/1W6s
2024-09-22,Kirikou and the Sorceress,1998,https://boxd.it/1C3y
2024-09-22,Yu-Gi-Oh!,1998,https://boxd.it/u3RQ
2024-09-22,Space Jam,1996,https://boxd.it/26YO
2024-09-22,The Craft,1996,https://boxd.it/1Zai
2024-09-22,Ghost in the Shell,1995,https://boxd.it/1YYc
2024-09-22,The Little Mermaid,1989,https://boxd.it/1WYO
2024-09-22,My Neighbor Totoro,1988,https://boxd.it/20eA
2024-09-22,Underground,1995,https://boxd.it/1SOA
2024-09-22,Ergo Proxy,2006,https://boxd.it/pDni
2024-09-22,Serial Experiments Lain,1998,https://boxd.it/hYQE
2024-09-23,National Treasure,2004,https://boxd.it/27x0
2024-09-23,National Treasure: Book of Secrets,2007,https://boxd.it/21rq
2024-09-23,Knowing,2009,https://boxd.it/1Pmy
2024-09-23,The Ninth Gate,1999,https://boxd.it/29YM
2024-09-23,Devil,2010,https://boxd.it/SX6
2024-09-23,Saw II,2005,https://boxd.it/2aRs
2024-09-23,Saw III,2006,https://boxd.it/2aRC
2024-09-23,Saw IV,2007,https://boxd.it/29Sa
2024-09-23,Saw V,2008,https://boxd.it/1SMa
2024-09-23,Saw VI,2009,https://boxd.it/1A2y
2024-09-23,Saw 3D,2010,https://boxd.it/Znk
2024-09-23,Jigsaw,2017,https://boxd.it/9sDs
2024-09-23,Spiral: From the Book of Saw,2021,https://boxd.it/meXk
2024-09-23,Saw X,2023,https://boxd.it/zUWk
2024-09-23,Prisoners,2013,https://boxd.it/4E5i
2024-09-26,Vampire Hunter D: Bloodlust,2000,https://boxd.it/1L3i
2024-10-11,Pulp Fiction,1994,https://boxd.it/29Pq
2024-10-13,The Platform 2,2024,https://boxd.it/Gz88
2024-10-14,Terrifier,2016,https://boxd.it/eRzg
2024-10-16,Time Trap,2017,https://boxd.it/ggMw
2024-10-16,Ghost in the Shell,2017,https://boxd.it/abTA
2024-10-19,Tusk,2014,https://boxd.it/7eoa
2024-10-20,The Watchers,2024,https://boxd.it/F6Rw
2024-10-21,Prometheus,2012,https://boxd.it/2s9e
2024-10-22,Alien: Covenant,2017,https://boxd.it/49UY
2024-10-23,The Union,2024,https://boxd.it/qkD4
2024-11-05,Another Round,2020,https://boxd.it/lkba
2024-11-14,Megan Is Missing,2011,https://boxd.it/sKJG
2024-11-20,The Penguin,2024,https://boxd.it/QkIU
2024-11-23,The Godfather,1972,https://boxd.it/2aNK
2024-11-27,The Substance,2024,https://boxd.it/zanS
2024-11-28,The Silence of the Lambs,1991,https://boxd.it/2aHW
2024-12-02,The Void,2016,https://boxd.it/d93S
2024-12-25,The Black Bomber,1992,https://boxd.it/3Ggg
2025-01-02,Being John Malkovich,1999,https://boxd.it/2ahu
2025-01-02,The Boy in the Striped Pyjamas,2008,https://boxd.it/1NOK
2025-01-05,Passengers,2016,https://boxd.it/8lFu
2025-01-11,Venom: The Last Dance,2024,https://boxd.it/ynqo
2025-01-12,Next to Us,2024,https://boxd.it/nziE
2025-01-12,"Next to Me, Musical",2018,https://boxd.it/l002
2025-01-12,Sheitan Warrior,2006,https://boxd.it/3Lfi
